NUMBER	ENGLISH	SEMANTIC_FIELD	CONCEPTICON_ID	CONCEPTICON_GLOSS
1	ACHIOTE	AGRICULTURE_AND_VEGETATION	349	ACHIOTE
2	AGOUTI	ANIMALS	313	AGOUTI
3	ALL	QUANTITY	98	ALL
4	ANACONDA (WATER BOA)	ANIMALS	896	ANACONDA (WATER BOA)
5	ANATTO			
6	ANGEL			
7	ANIMAL	ANIMALS	619	ANIMAL
8	ANKLE	THE BODY	803	ANKLE
9	ANTEATER	ANIMALS	181	ANTEATER
10	ANUS	THE_BODY	1935	ANUS
11	ARM	THE_BODY	1673	ARM
12	ARMADILLO	ANIMALS	1885	ARMADILLO
13	ARMADILLO (SMOOTH)			
14	ARMADILLO (THICK)			
15	ARMADILLO CLAW			
16	ARMADILLO SP.			
17	ARROW	WARFARE_AND_HUNTING	977	ARROW
18	ARROW BLUNT TIP			
19	ARROW HARPOON			
20	ASH	THE_PHYSICAL_WORLD	646	ASH
21	ASTYANAX FISH			
22	AT	SPATIAL RELATIONS	1461	AT
23	AUNT	KINSHIP	1272	AUNT
24	AXE	BASIC_ACTIONS_AND_TECHNOLOGY	677	AXE
25	AÇAÍ			
26	BABAÇU (Attalea speciosa)			
27	BACHELOR			
28	BACK	THE_BODY	1291	BACK
29	BAD	EMOTIONS AND VALUES	1292	BAD
30	BAD OR EVIL	EMOTIONS_AND_VALUES	3764	BAD OR EVIL
31	BAMBOO	AGRICULTURE_AND_VEGETATION	1927	BAMBOO
32	BAMBOO TIP ARROW			
33	BAA	AGRICULTURE_AND_VEGETATION	868	BANANA
34	BARK (OF A TREE)			
35	BARK OR SHELL	ANIMALS	3865	BARK OR SHELL
36	BASKET	BASIC_ACTIONS_AND_TECHNOLOGY	1539	BASKET
37	BAT	ANIMALS	1793	BAT
38	BEAK	THE_BODY	73	BEAK
39	BEAN	FOOD_AND_DRINK	832	BEAN
40	BEARD	THE_BODY	678	BEARD
41	BEAUTIFUL	EMOTIONS_AND_VALUES	1427	BEAUTIFUL
42	BECAUSE	COGNITION	1157	BECAUSE
43	BEE	ANIMALS	665	BEE
44	BEETLE	ANIMALS	2242	BEETLE
45	BELLY	THE_BODY	1251	BELLY
46	BELLYBUTTON	THE_BODY	3715	BELLYBUTTON
47	BELT	CLOTHING AND GROOMING	772	BELT
48	BEVERAGE	FOOD_AND_DRINK	731	BEVERAGE
49	BIG	SPATIAL_RELATIONS	1202	BIG
50	BIG ANTEATER			
51	BIG COCKROACH			
52	BIRD	ANIMALS	937	BIRD
53	BITE	THE_BODY	1403	BITE
54	BITTER	SENSE_PERCEPTION	887	BITTER
55	BLACK	SENSE_PERCEPTION	163	BLACK
56	BLOOD	THE_BODY	946	BLOOD
57	BLOW			
58	BLUE-AND-YELLOW MACAW	ANIMALS	3927	BLUE-AND-YELLOW MACAW
59	BOIL	FOOD_AND_DRINK	2493	BOIL
60	BONE	THE_BODY	1394	BONE
61	BONE TIP ARROW			
62	BOW	WARFARE AND HUNTING	994	BOW
63	BOY	KINSHIP	1366	BOY
64	BRANDY			
65	BREAK (BREAKING)	BASIC_ACTIONS_AND_TECHNOLOGY	3020	BREAK (BREAKING)
66	BREAST	THE_BODY	1402	BREAST
67	BREATHE	THE_BODY	1407	BREATHE
68	BREU (PROTIUM HEPTAPHYLLUM)			
69	BROTHER	KINSHIP	1262	BROTHER
70	BROTHER-IN-LAW	KINSHIP	2314	BROTHER-IN-LAW
71	BULLET	WARFARE AND HUNTING	1114	BULLET
72	BURITI			BURITI
73	BURN	BASIC_ACTIONS_AND_TECHNOLOGY	2102	BURN
74	BUTTERFLY	ANIMALS	1791	BUTTERFLY
75	BUTTOCKS	THE_BODY	834	BUTTOCKS
76	CAIMAN	ANIMALS	2438	CAIMAN
77	CAJÁ			
78	CANOE	MOTION	1970	CANOE
79	CAPYBARA	ANIMALS	314	CAPYBARA
80	CASHEW	AGRICULTURE_AND_VEGETATION	2441	CASHEW
81	CAT	ANIMALS	1208	CAT
82	CATERPILLAR	ANIMALS	2247	CATERPILLAR
83	CAYMAN			
84	CENTIPEDE	ANIMALS	1974	CENTIPEDE
85	CHEEK	THE_BODY	1730	CHEEK
86	CHEEKS			
87	CHICHA	FOOD_AND_DRINK	441	CHICHA
88	CHICKEN	ANIMALS	1318	CHICKEN
89	CHIEF	SOCIAL_AND_POLITICAL_RELATIONS	2394	CHIEF
90	CHILD	KINSHIP	2099	CHILD
91	CHIN	THE_BODY	1510	CHIN
92	CICADA	ANIMALS	2353	CICADA
93	CLAW	ANIMALS	72	CLAW
94	CLOUD	THE_PHYSICAL_WORLD	1489	CLOUD
95	COATI (COATIMUNDI)	ANIMALS	2389	COATI (COATIMUNDI)
96	COB			
97	COCKROACH	ANIMALS	1575	COCKROACH
98	COLD	SENSE_PERCEPTION	1287	COLD
99	COLLARED PECCARY	ANIMALS	435	COLLARED PECCARY
100	COMB	CLOTHING_AND_GROOMING	1475	COMB
101	COME	MOTION	1446	COME
102	CORN			
103	COTTON	CLOTHING_AND_GROOMING	1850	COTTON
104	COUGH	THE_BODY	879	COUGH
105	COUNT	QUANTITY	1420	COUNT
106	COUSIN	KINSHIP	1643	COUSIN
107	CRAB	ANIMALS	2348	CRAB
108	CRICKET	ANIMALS	2354	CRICKET
109	CROOKED	SPATIAL_RELATIONS	297	CROOKED
110	CROSS	SPACIAL RELATIONS	1367	CROSS
111	CRY	EMOTIONS_AND_VALUES	1839	CRY
112	CURASSOW	ANIMALS	315	CURASSOW
113	CURIMBATÁ (Prochilodus lineatus)			
114	CUT	BASIC_ACTIONS_AND_TECHNOLOGY	1432	CUT
115	DANCE	MOTION	1879	DANCE
116	DAUGHTER	KINSHIP	1357	DAUGHTER
117	DAY			
118	DAY (NOT NIGHT)	TIME	1225	DAY (NOT NIGHT)
119	DEER	ANIMALS	1936	DEER
120	DIE	THE_BODY	1494	DIE
121	DIG	AGRICULTURE_AND_VEGETATION	1418	DIG
122	DIRTY	SENSE_PERCEPTION	1230	DIRTY
123	DO OR MAKE	BASIC_ACTIONS_AND_TECHNOLOGY	2575	DO OR MAKE
124	DOCTOR (MASCULINE)			
125	DOG	ANIMALS	2009	DOG
126	DOGFISH			
127	DONKEY	ANIMALS	1862	DONKEY
128	DOVE	ANIMALS	1853	DOVE
129	DRAGONFLY	ANIMALS	2352	DRAGONFLY
130	DRINK	FOOD_AND_DRINK	1401	DRINK
131	DRY	SENSE_PERCEPTION	1398	DRY
132	DUCK	ANIMALS	1360	DUCK
133	DULL	SENSE_PERCEPTION	1397	DULL
134	DUST	THE_PHYSICAL_WORLD	2	DUST
135	EAR	THE_BODY	1247	EAR
136	EARTH			
137	EARTH (SOIL)	THE_PHYSICAL_WORLD	1228	EARTH (SOIL)
138	EARTH OR LAND	THE_PHYSICAL_WORLD	3603	EARTH OR LAND
139	EAT	FOOD_AND_DRINK	1336	EAT
140	EEL			
141	EGG	FOOD_AND_DRINK	744	EGG
142	ELBOW	THE_BODY	981	ELBOW
143	EMU	ANIMALS	2817	EMU
144	EYE	THE_BODY	1248	EYE
145	EYEBROW	THE_BODY	1173	EYEBROW
146	FACE	THE_BODY	1560	FACE
147	FAECES (EXCREMENT)	THE_BODY	675	FAECES (EXCREMENT)
148	FALL	MOTION	1280	FALL
149	FALSE	EMOTIONS AND VALUES	3069	FALSE
150	FAN			
151	FAR	SPATIAL_RELATIONS	1406	FAR
152	FAT			
153	FAT (NOUN)			
154	FAT (ORGANIC SUBSTANCE)	THE_BODY	323	FAT (ORGANIC SUBSTANCE)
155	FATHER	KINSHIP	1217	FATHER
156	FEAR			
157	FEAR (FRIGHT)	EMOTIONS_AND_VALUES	781	FEAR (FRIGHT)
158	FEATHER	THE_BODY	1201	FEATHER
159	FEW	QUANTITY	1242	FEW
160	FIELD	AGRICULTURE_AND_VEGETATION	212	FIELD
161	FIGHT	WARFARE_AND_HUNTING	1423	FIGHT
162	FINGER	THE_BODY	1303	FINGER
163	FINGERNAIL	THE_BODY	1258	FINGERNAIL
164	FIRE	THE_PHYSICAL_WORLD	221	FIRE
165	FIREFLY	ANIMALS	206	FIREFLY
166	FIREWOOD	THE_PHYSICAL_WORLD	10	FIREWOOD
167	FISH	ANIMALS	227	FISH
168	FISHNET	WARFARE AND HUNTING	388	FISHNET
169	FIVE	QUANTITY	493	FIVE
170	FLEA (VERB)			
171	FLESH	THE_BODY	2259	FLESH
172	FLESH OR MEAT	THE_BODY	2615	FLESH OR MEAT
173	FLOW	MOTION	2003	FLOW
174	FLOWER	AGRICULTURE_AND_VEGETATION	239	FLOWER
175	FLY			
176	FLY (INSECT)	ANIMALS	1504	FLY (INSECT)
177	FLY (MOVE THROUGH AIR)	MOTION	1441	FLY (MOVE THROUGH AIR)
178	FLY SP.			
179	FOG	THE_PHYSICAL_WORLD	249	FOG
180	FOOT	THE_BODY	1301	FOOT
181	FOREHEAD	THE_BODY	123	FOREHEAD
182	FOREST	THE_PHYSICAL_WORLD	420	FOREST
183	FOUR	QUANTITY	1500	FOUR
184	FOX	ANIMALS	1312	FOX
185	FROG	ANIMALS	503	FROG
186	FRUIT	FOOD_AND_DRINK	1507	FRUIT
187	FULL	QUANTITY	1429	FULL
188	FUR	THE_BODY	580	FUR
189	GENIPA	AGRICULTURE_AND_VEGETATION	3920	GENIPA
190	GIANT ARMADILLO			
191	GILDED CATFISH			
192	GIRL	KINSHIP	1646	GIRL
193	GIVE	POSSESSION	1447	GIVE
194	GOOD	EMOTIONS_AND_VALUES	1035	GOOD
195	GOURD	AGRICULTURE_AND_VEGETATION	411	GOURD
196	GRANDFATHER	KINSHIP	1383	GRANDFATHER
197	GRANDMOTHER	KINSHIP	1496	GRANDMOTHER
198	GRASS	AGRICULTURE_AND_VEGETATION	606	GRASS
199	GRASSHOPPER	ANIMALS	607	GRASSHOPPER
200	GRAVE WOOD			
201	GREEN	SENSE_PERCEPTION	1425	GREEN
202	GUESS	COGNITION	1932	GUESS
203	GULL	ANIMALS	950	SEAGULL
204	GUTS	THE BODY	1334	GUTS
205	HAIR	THE_BODY	1040	HAIR
206	HAMMOCK	THE_HOUSE	2019	HAMMOCK
207	HAND	THE_BODY	1277	HAND
208	HAWK	ANIMALS	307	HAWK
209	HE	KINSHIP	1211	HE
210	HEAD	THE_BODY	1256	HEAD
211	HEAR	SENSE_PERCEPTION	1408	HEAR
212	HEART	THE_BODY	1223	HEART
213	HEAVY	SENSE_PERCEPTION	1210	HEAVY
214	HEDGEHOG	ANIMALS	1797	HEDGEHOG
215	HEEL	THE_BODY	980	HEEL
216	HERE	MISCELLANEOUS_FUNCTION_WORDS	136	HERE
217	HIT	BASIC_ACTIONS_AND_TECHNOLOGY	1433	HIT
218	HOLD	POSSESSION	1448	HOLD
219	HOLE	SPATIAL_RELATIONS	1667	HOLE
220	HONEY	FOOD_AND_DRINK	942	HONEY
221	HOPLIAS (GENUS)	ANIMALS	3933	HOPLIAS (GENUS)
222	HORN			
223	HORN (ANATOMY)	THE_BODY	1393	HORN (ANATOMY)
224	HORNED SCREAMER SP.			
225	HOT	SENSE_PERCEPTION	1286	HOT
226	HOUSE	THE_HOUSE	1252	HOUSE
227	HOW	COGNITION	1239	HOW
228	HOWLER MONKEY	ANIMALS	433	HOWLER MONKEY
229	HUNT	WARFARE_AND_HUNTING	1435	HUNT
230	HUNTER CREW			
231	HUSBAND	KINSHIP	1200	HUSBAND
232	HYACINTH MACAW	ANIMALS		
233	I	KINSHIP	1209	I
234	IBIYAU			
235	IF	COGNITION	1459	IF
236	IGUANA	ANIMALS	1578	IGUANA
237	IN	SPATIAL_RELATIONS	1460	IN
238	INSTEP	THE BODY	3736	INSTEP
239	INTESTINES	THE_BODY	1991	INTESTINES
240	IRON	BASIC_ACTIONS_AND_TECHNOLOGY	621	IRON
241	IRON AXE			
242	IRON POT			
243	JABIRU (Jabiru mycteria)	ANIMALS		
244	JAGUAR	ANIMALS	1250	JAGUAR
245	JAKÚ			
246	JAPÚ			
247	JARARACUSSU			
248	KAITETUSCHWEIN			
249	KAMPREH			
250	KILL	THE_BODY	1417	KILL
251	KING VULTURE			
252	KINGFISHER	ANIMALS	2444	KINGFISHER
253	KNEE	THE_BODY	1371	KNEE
254	KNIFE	FOOD_AND_DRINK	1352	KNIFE
255	KNOW	COGNITION	3626	KNOW
256	LAKE	THE_PHYSICAL_WORLD	624	LAKE
257	LAUGH	EMOTIONS_AND_VALUES	1355	LAUGH
258	LEAF	AGRICULTURE_AND_VEGETATION	628	LEAF
259	LEFT	SPATIAL_RELATIONS	244	LEFT
260	LEG	THE_BODY	1297	LEG
261	LIANA	AGRICULTURE_AND_VEGETATION	2388	LIANA
262	LIE (IN A BED)			
263	LIE DOWN	SPATIAL_RELATIONS	215	LIE DOWN
264	LIGHT (IGNITE)	THE_PHYSICAL_WORLD	737	LIGHT (IGNITE)
265	LINE	SPATIAL RELATIONS	1048	LINE
266	LIP	THE_BODY	478	LIP
267	LIP	THE BODY	478	LIP
268	LIP HOLE			
269	LIVE	THE_BODY	2309	LIVE
270	LIVER	THE_BODY	1224	LIVER
271	LIZARD	ANIMALS	632	LIZARD
272	LONG	SPATIAL_RELATIONS	1203	LONG
273	LOOK	SENSE_PERCEPTION	1819	LOOK
274	LOUSE	ANIMALS	1392	LOUSE
275	LOWER ARM	THE BODY	446	LOWER ARM
276	LOWER LEG	THE BODY	447	LOWER LEG
277	MACAW	ANIMALS	1630	MACAW
278	MAIZE	AGRICULTURE_AND_VEGETATION	506	MAIZE
279	MAN	KINSHIP	1554	MAN
280	MAN (ADULT MALE)			
281	MAN (HUMAN BEING)			
282	MANED WOLF			
283	MANGABA			
284	MANIOC	AGRICULTURE_AND_VEGETATION	927	MANIOC
285	MANY	QUANTITY	1198	MANY
286	MARRY	KINSHIP	203	MARRY
287	MAT	BASIC ACTIONS AND TECHNOLOGY	195	MAT
288	MATRINCHAM			
289	MEN'S HAUSE			
290	MONKEY	ANIMALS	1350	MONKEY
291	MOON	THE_PHYSICAL_WORLD	1313	MOON
292	MOSQUITO	ANIMALS	1509	MOSQUITO
293	MOTHER	KINSHIP	1216	MOTHER
294	MOUNTAIN	THE_PHYSICAL_WORLD	639	MOUNTAIN
295	MOUTH	THE_BODY	674	MOUTH
296	MUD	THE_PHYSICAL_WORLD	640	MUD
297	MUSK PIG			
298	NAME	SPEECH_AND_LANGUAGE	1405	NAME
299	NARROW	SPATIAL_RELATIONS	1267	NARROW
300	NAVEL	THE_BODY	1838	NAVEL
301	NEAR	SPATIAL_RELATIONS	1942	NEAR
302	NECK	THE_BODY	1333	NECK
303	NET	BASIC ACTIONS AND TECHNOLOGY	2963	NET
304	NEW	TIME	1231	NEW
305	NIGHT	TIME	1233	NIGHT
306	NIPPLE	THE BODY	796	NIPPLE
307	NOSE	THE_BODY	1221	NOSE
308	NOT	MISCELLANEOUS_FUNCTION_WORDS	1240	NOT
309	OAR	BASIC_ACTIONS_AND_TECHNOLOGY	3137	OAR
310	OLD	TIME	1229	OLD
311	OLDER BROTHER	KINSHIP	1759	OLDER BROTHER
312	ONE	QUANTITY	1493	ONE
313	OPOSSUM	ANIMALS	309	OPOSSUM
314	OSTRICH	ANIMALS	3797	OSTRICH
315	OTHER	MISCELLANEOUS_FUNCTION_WORDS	197	OTHER
316	OTTER	ANIMALS	15	OTTER
317	OWL	ANIMALS	735	OWL
318	OX	ANIMALS	1169	OX
319	PACA	ANIMALS	316	PACA
320	PACU	ANIMALS	3922	PACU
321	PARAKEET	ANIMALS	886	PARAKEET
322	PARROT	ANIMALS	882	PARROT
323	PATERNAL UNCLE (FATHER'S BROTHER)	KINSHIP	1985	PATERNAL UNCLE (FATHER'S BROTHER)
324	PATH	MOTION	2252	PATH
325	PATH OR ROAD	MOTION	2457	PATH OR ROAD
326	PEACH PALM	AGRICULTURE_AND_VEGETATION	3919	PEACH PALM
327	PECCARY	ANIMALS	2390	PECCARY
328	PENELOPE (BIRD)	ANIMALS		
329	PENIS	THE_BODY	1222	PENIS
330	PERIQUITO			
331	PERSON	KINSHIP	683	PERSON
332	PESTLE	FOOD_AND_DRINK	225	PESTLE
333	PIABA-AÇU			
334	PIERCE	BASIC_ACTIONS_AND_TECHNOLOGY	398	PIERCE
335	PIG	ANIMALS	1337	PIG
336	PIRANHA	ANIMALS	317	PIRANHA
337	PIRAPUTANGA			
338	PIUVA			
339	PLAY	EMOTIONS_AND_VALUES	1413	PLAY
340	POISON	THE_BODY	655	POISON
341	PORCUPINE	ANIMALS	2510	PORCUPINE
342	POT	FOOD AND DRINKS	1462	POT
343	POWDER	MODERN WORLD	3368	POWDER
344	PULL	BASIC_ACTIONS_AND_TECHNOLOGY	1455	PULL
345	PUMA	ANIMALS	1891	PUMA
346	PUMPKIN	AGRICULTURE_AND_VEGETATION	864	PUMPKIN
347	PUSH	MOTION	1452	PUSH
348	QUICK			
349	RAIN			
350	RAIN (PRECIPITATION)	THE_PHYSICAL_WORLD	658	RAIN (PRECIPITATION)
351	RAT	ANIMALS	1490	RAT
352	RATTLE	SPEECH_AND_LANGUAGE	300	RATTLE
353	RATTLE MADE OF PECCARI NAILS			
354	RATTLESNAKE	ANIMALS	871	RATTLESNAKE
355	RED	SENSE_PERCEPTION	156	RED
356	RED HOWLER MONKEY			
357	RED-AND-GREEN MACAW	ANIMALS	3938	RED-AND-GREEN MACAW
358	RHEA	ANIMALS		RHEA(Rhea americana)
359	RIGHT	SPATIAL_RELATIONS	1019	RIGHT
360	RIVER	THE_PHYSICAL_WORLD	666	RIVER
361	ROAD	MOTION	667	ROAD
362	ROBUST CAPUCHIN MONKEY			
363	ROBUST CAPUCHIN MONKEY (MACACO PREGO)			
364	ROOT	AGRICULTURE_AND_VEGETATION	670	ROOT
365	ROPE	BASIC_ACTIONS_AND_TECHNOLOGY	1218	ROPE
366	ROTTEN	FOOD_AND_DRINK	1728	ROTTEN
367	ROUND	SPATIAL_RELATIONS	1395	ROUND
368	RUB	BASIC_ACTIONS_AND_TECHNOLOGY	1449	RUB
369	SALIVA	THE_BODY	1503	SALIVA
370	SALT	FOOD_AND_DRINK	1274	SALT
371	SAND	THE_PHYSICAL_WORLD	671	SAND
372	SAY	SPEECH_AND_LANGUAGE	1458	SAY
373	SCALE	ANIMALS	266	SCALE
374	SCISSORS	BASIC ACTIONS AND TECHNOLOGY	1328	SCISSORS
375	SCRATCH	THE_BODY	1436	SCRATCH
376	SCROTUM	THE BODY	2834	SCROTUM
377	SEA	THE_PHYSICAL_WORLD	1474	SEA
378	SEE	SENSE_PERCEPTION	1409	SEE
379	SEED	AGRICULTURE_AND_VEGETATION	714	SEED
380	SERIEMA (Cariama cristata)	ANIMALS		
381	SEW	CLOTHING_AND_GROOMING	1457	SEW
382	SHARP	SENSE_PERCEPTION	1396	SHARP
383	SHELL	ANIMALS	598	SHELL
384	SHORT	SPATIAL_RELATIONS	1645	SHORT
385	SHOT			
386	SHOTGUN	WARFARE AND HUNTING	3948	SHOTGUN
387	SHOULDER	THE_BODY	1482	SHOULDER
388	SING	SPEECH_AND_LANGUAGE	1261	SING
389	SIT	SPATIAL_RELATIONS	1416	SIT
390	SKIN	THE_BODY	763	SKIN
391	SKY	THE_PHYSICAL_WORLD	1732	SKY
392	SLEEP	THE_BODY	1585	SLEEP
393	SLEEP (STATE)	BASIC_ACTIONS_AND_TECHNOLOGY	2972	SLEEP (STATE)
394	SLEEPING MAT			
395	SLOTH	ANIMALS	2446	SLOTH
396	SLOW	TIME	701	SLOW
397	SMALL	SPATIAL_RELATIONS	1246	SMALL
398	SMALL ANTEATER			
399	SMALL COCHROACH			
400	SMELL	SENSE_PERCEPTION	2124	SMELL
401	SMOKE			
402	SMOKE (EXHAUST)	THE_PHYSICAL_WORLD	778	SMOKE (EXHAUST)
403	SMOKE (INHALE)	AGRICULTURE AND VEGETATION	1689	SMOKE (INHALE)
404	SMOOTH	SENSE_PERCEPTION	1234	SMOOTH
405	SNAIL	ANIMALS	1543	SNAIL
406	SNAKE	ANIMALS	730	SNAKE
407	SOLE (FOOT)	THE_BODY	2666	SOLE (FOOT)
408	SOME	QUANTITY	1241	SOME
409	SON	KINSHIP	1620	SON
410	SORUBIM			
411	SPEAK	SPEECH_AND_LANGUAGE	1623	SPEAK
412	SPIDER	ANIMALS	843	SPIDER
413	SPIT	THE_BODY	1440	SPIT
414	SPLIT	BASIC_ACTIONS_AND_TECHNOLOGY	1437	SPLIT
415	SQUEEZE	BASIC_ACTIONS_AND_TECHNOLOGY	1414	SQUEEZE
416	SQUIRREL	ANIMALS	1628	SQUIRREL
417	STAND	SPATIAL_RELATIONS	1442	STAND
418	STAR	THE_PHYSICAL_WORLD	1430	STAR
419	STICK	THE_PHYSICAL_WORLD	1295	STICK
420	STINGRAY	ANIMALS	1910	STINGRAY
421	STONE	THE_PHYSICAL_WORLD	857	STONE
422	STRAIGHT	SPATIAL_RELATIONS	1404	STRAIGHT
423	STRAW	THE_PHYSICAL_WORLD	2299	STRAW
424	SUCK	FOOD_AND_DRINK	1421	SUCK
425	SUN	THE_PHYSICAL_WORLD	1343	SUN
426	SWEAT	THE_BODY	125	SWEAT (SUBSTANCE)
427	SWEET POTATO	AGRICULTURE_AND_VEGETATION	159	SWEET POTATO
428	SWELL	BASIC_ACTIONS_AND_TECHNOLOGY	1573	SWELL
429	SWIM	MOTION	1439	SWIM
430	TAIL	THE_BODY	1220	TAIL
431	TAPIR	ANIMALS	312	TAPIR
432	TELL	SPEECH_AND_LANGUAGE	1711	TELL
433	TERMITE	ANIMALS	883	TERMITE
434	THAT	MISCELLANEOUS_FUNCTION_WORDS	78	THAT
435	THERE	MISCELLANEOUS_FUNCTION_WORDS	1937	THERE
436	THEY	KINSHIP	817	THEY
437	THICK	SPATIAL_RELATIONS	1244	THICK
438	THIGH	THE_BODY	800	THIGH
439	THIN	SPATIAL_RELATIONS	2308	THIN
440	THINK	COGNITION	2271	THINK
441	THIS	MISCELLANEOUS_FUNCTION_WORDS	1214	THIS
442	THORN	AGRICULTURE_AND_VEGETATION	124	THORN
443	THOU	KINSHIP	1215	THOU
444	THREE	QUANTITY	492	THREE
445	THROAT	THE_BODY	1346	THROAT
446	THROW	MOTION	1456	THROW
447	THUNDER	THE_PHYSICAL_WORLD	1150	THUNDER
448	TIE	BASIC_ACTIONS_AND_TECHNOLOGY	1917	TIE
449	TINAMOU	ANIMALS	3921	TINAMOU
450	TOAD	ANIMALS	894	TOAD
451	TOBACCO	AGRICULTURE_AND_VEGETATION	974	TOBACCO
452	TOENAIL	THE BODY	2662	TOENAIL
453	TONGUE	THE_BODY	1205	TONGUE
454	TONGUE (ORGAN)			
455	TOOTH	THE_BODY	1380	TOOTH
456	TOP	SPACIAL RELATION	1753	TOP
457	TORTOISE	ANIMALS	895	TORTOISE
458	TOUCAN	ANIMALS	308	TOUCAN
459	TREE	AGRICULTURE_AND_VEGETATION	906	TREE
460	TREE TRUNK	AGRICULTURE_AND_VEGETATION	344	TREE TRUNK
461	TUCUM			
462	TUCUNARE			
463	TURN (INTRANSITIVE)			
464	TURN (TRANSITIVE)			
465	TURTLE	ANIMALS	112	TURTLE
466	TWO	QUANTITY	1498	TWO
467	UGLY	EMOTIONS_AND_VALUES	1548	UGLY
468	VAGINA	THE_BODY	1836	VAGINA
469	VIRGO			
470	VOMIT	THE_BODY	1278	VOMIT
471	VULTURE	ANIMALS	1185	VULTURE
472	VULVA	THE BODY	1837	VULVA
473	WALK	MOTION	1443	WALK
474	WANT	EMOTIONS_AND_VALUES	1784	WANT
475	WARM	SENSE_PERCEPTION	1232	WARM
476	WASH	BASIC_ACTIONS_AND_TECHNOLOGY	1453	WASH
477	WASP	ANIMALS	1517	WASP
478	WATER	THE_PHYSICAL_WORLD	948	WATER
479	WAX	ANIMALS	3942	WAX
480	WE	KINSHIP	1212	WE
481	WE (EXCLUSIVE)	KINSHIP	1130	WE (EXCLUSIVE)
482	WET	SENSE_PERCEPTION	1726	WET
483	WHALE SPIN			
484	WHAT	COGNITION	1236	WHAT
485	WHEN	COGNITION	1238	WHEN
486	WHERE	COGNITION	1237	WHERE
487	WHITE	SENSE_PERCEPTION	1335	WHITE
488	WHITE-LIPPED PECCARY	ANIMALS	436	WHITE-LIPPED PECCARY
489	WHO	COGNITION	1235	WHO
490	WIDE	SPATIAL_RELATIONS	1243	WIDE
491	WIDOW	KINSHIP	1756	WIDOW
492	WIDOWER	KINSHIP	1981	WIDOWER
493	WIFE	KINSHIP	1199	WIFE
494	WIND	THE_PHYSICAL_WORLD	960	WIND
495	WING	THE_BODY	1257	WING
496	WIPE	BASIC_ACTIONS_AND_TECHNOLOGY	1454	WIPE
497	WITH	MISCELLANEOUS_FUNCTION_WORDS	1340	WITH
498	WOLF	ANIMALS	522	WOLF
499	WOMAN	KINSHIP	962	WOMAN
500	WOOD	THE_PHYSICAL_WORLD	1803	WOOD
501	WORM	ANIMALS	1219	WORM
502	WRIST	THE_BODY	799	WRIST
503	YAKUTINGA			
504	YAM	AGRICULTURE_AND_VEGETATION	410	YAM
505	YEAR	TIME	1226	YEAR
506	YELLOW	SENSE_PERCEPTION	1424	YELLOW
507	YOU	KINSHIP	1213	YOU
508	YOUNGER BROTHER	KINSHIP	1760	YOUNGER BROTHER
509	WILD ANIMAL	ANIMALS	958	WILD ANIMAL
510	PET	ANIMALS	3780	PET
511	PUBIC HAIR	THE BODY	36	PUBIC HAIR
512	BRAZIL NUT	AGRICULTURE AND VEGETATION	3928	BRAZIL NUT
513	HAIR (HEAD)	THE BODY	2648	HAIR (HEAD)
514	OLD WOMAN	KINSHIP	907	OLD WOMAN
515	OLD MAN	KINSHIP	406	OLD MAN
516	GO OUT		1107	GO OUT
517	TUBE		2956	TUBE
518	CLEAN		704	CLEAN
519	FART		1159	FART
520	FLAME		889	FLAME
521	CHARCOAL		1188	CHARCOAL
522	HUNGER		1864	HUNGER
523	PITY		1141	PITY
524	PINE RESINE			
525	REDDISH			
526	LISTEN		1608	LISTEN
527	TAKE		1749	TAKE
528	GO (PLURAL)			
529	LIQUID		58	LIQUID
530	ARGENTINIAN ANT			
531	GENRE			
532	FATHER-IN-LAW		1055	FATHER-IN-LAW
533	MOTHER-IN-LAW		1050	MOTHER-IN-LAW
534	TAQUARA			
535	PICK UP		371	PICK UP
536	UNTIE		352	UNTIE
537	SHOW		1039	SHOW
538	SAP			
539	CATINGA			
540	JATUARANA			
541	GO THROUGH			
542	SALTY			
543	JATOBA			
544	2AG			
545	PTEROPHYLLUM (FISH)			
546	TINKER			
547	PEE			
548	BLADDER			
549	TEACH			
550	IN SEARCH			
551	HAPPY			
552	RITUAL			
553	FIREWORM			
554	PECK			
555	3.ERG			
556	CAUIM			
557	SPEND			
558	GALL			
559	TRAP			
560	LIGHT UP (SINGULAR)			
561	SOUR SALT			
562	TIRE			
563	BROWN			
564	ACTUALLY			
565	GO.PL			
566	PAMA			
567	SHAEK			
568	DRINK.PL			
569	TEAR PEEL			
570	AROEIRA MIX			
571	DRUNK (FEMININ)			
572	INSTR			
573	DISGUST			
574	FISHING PLACE			
575	END			
576	HAIR TIP			
577	SURROUNDINGS			
578	OWL (TYPE OF)			
579	CLEAR OFF			
580	WOMAN'S BREAST			
581	DU			
582	DIGGER			
583	SMOKING			
584	CATCH			
585	TRUSTWORTHY			
586	NEG			
587	WASP (TYPE OF)			
588	PERHAPS			
589	COVER WITH DIRT			
590	PUT			
591	RECEIVE			
592	BE SITTING			
593	STAND UP (SOMETHING SINGULAR)			
594	SLING			
595	COUNTRYSIDE			
596	CARAPANO (TUCAN LANGUAGE)			
597				
598	TALK			
599	1SG			
600	REMOVE			
601	SHOCK			
602	DIM			
603	COCONUT			
604	PIECE OF STONE			
605	ORNAMENTS			
606	MARICO			
607	RHEUM			
608	INGA (GENUS)			
609	SWOLLEN			
610	SEDGE SEED (RAZOR GRASS)			
611	HEADDRESS			
612	PEPPER			
613	REMEMBER			
614	LIGHT UP			
615	INVITE			
616	PRIV			
617	TIRI-RICA SEED			
618	SMILE			
619	TRUE SONS OF A FATHER			
620	WEEVIL			
621	UNTOUCHED			
622	WEAK			
623	CUT (PLURAL)			
624	TENSE			
625	RACOON			
626	DROOLING			
627	JANDAÍRA			
628	EAT (PLURAL)			
629	TRAIN			
630	HEAD OF THE BEACH			
631	SHOUT OUT			
632	WILD DEER			
633	GARAPEIRA			
634	LEATHERBACK			
635	ANNATTO			
636	STOP			
637	SHOULDER CARRY			
638	DIG UP (SINGULAR)			
639	TICK			
640	1+2.ERG			
641	SURROUNDED			
642	PISS			
643	ADESS			
644	PAN			
645	SAY LIKE THIS			
646	PERSON IN CHARGE FOR THE PARTY			
647	DEAD LEAVES OR BRANCHES			
648	PAW			
649	GET WATER			
650	RUFFLED FEATHER			
651	SHRIMP			
652	PURE HONEY			
653	ABL			
654	BACKSTREET			
655	SOB			
656	WRAP			
657	JABUTI			
658	ARAPUA BEE			
659	SCORPION			
660	PAT			
661	MUSTACHE			
662	LIT GRAY			
663	LAGOON			
664	LIQUOR			
665	RIP			
666	HICCUP			
667	GENIPAP (FRUIT)			
668	HUG			
669	ENTER.PL			
670	PACK UP			
671	PICK UP AND GET UP			
672	RIGHT SIDE			
673	CRAWL			
674	STRAIN			
675	RESIN			
676	FLOUR			
677	BUY			
678	FOLLOW			
679	TAXI			
680	LOSE			
681	BUSH			
682	LOOSE			
683	CAR DEALER			
684	RUN (PLURAL)			
685	PLAN			
686	TEAR			
687	SURROUND			
688	MOVE OUT			
689	TAPEREBAH			
690	XEXEU			
691	CASSAVA			
692	KIDNEYS			
693	FAKE			
694	GET SCARED			
695	DRILL FAT			
696	FIRE CATERPILLAR			
697	ITCHING			
698	FOG DRY SEASON			
699	FLAT			
700	TICK SPIDER			
701	ENEMY			
702	BUD			
703	CAPOEIRA			
704	CUNAUARU			
705	MOVE			
706	BLOW ON			
707	GO IN (SINGULAR)			
708	ENTANGLEMENT			
709	SPROUT			
710	FINISH			
711	SLEEP (NOUN)			
712	IN THE MIDDLE			
713	ITCH			
714	WHITE ARMADILLO			
715	ARMPIT			
716	RUBBER			
717	WATERMELON			
718	JUMP			
719	HATCH			
720	CLAY			
721	JATOBÁ (HYMENAEA COURBARIL)			
722	UNCLE			
723	SOUTH			
724	STING			
725	JURITI			
726	FALCON			
727	DESCEND			
728	BEAT			
729	GLANS			
730	WHISPER			
731	DRAGON-FLY			
732	HEAT UP			
733	LIT			
734	LOWLAND PACA			
735	STEAL			
736	WISDOM			
737	SHALLOW END			
738	ANOINT			
739	SWIDDEN			
740	DRY SEASON			
741	2INT (CLASS I)			
742	CHEST CAVITY			
743	TOCANTINS RIVER			
744	STEM			
745	INSERT (PLURAL)			
746	BUMBLEBEE			
747	OTHER SIDE			
748	TIME			
749	TALL			
750	SOFTEN			
751	SLIP			
752	SWITCH OFF			
753	GREY			
754	SEPARATELY			
755	COAL			
756	BE HANGING (PLURAL)			
757	LOAD (SINGULAR)			
758	STOP.DU.PL			
759	REMAINS			
760	FORUNCLE			
761	FARM			
762	DECIDE			
763	SWALLOW			
764	SCRUB			
765	SHADOW			
766	DO LIKE THIS			
767	STAIN YOURSELF			
768	BRANCH OF RIVER			
769	NIGHTJAR			
770	EVERYWHERE			
771	NORTH			
772	OPEN			
773	ANACONDA			
774	SOUND (NO MISSING LIMBS)			
775	WAKE UP			
776	CHALLENGE			
777	BRASILIAN BIRD			
778	IN FRONT			
779	GRUNT			
780	ABOUT			
781	AROUND			
782	SPITTLE			
783	REMAIN			
784	GENITAL			
785	SHOWER (SOMEONE)			
786	PAIN			
787	PUT UP			
788	PALM TREE (ASTROCARYUM VULGARE)			
789	MEAT			
790	WIFE (ALIVE)			
791	HARDWOOD			
792	SNEEZE			
793	DOWN (FEATHERS)			
794	DRY IN THE SUN			
795	FEVER			
796	THROW (SINGULAR)			
797	LOCK			
798	SHED			
799	CLIMB			
800	MANIOC MANIOC			
801	INSERT.SG INSERT			
802	FIREWOOD TREE			
803	ZOGUE-ZOGUE			
804	JAPU			
805	TAKE (PLURAL)			
806	BELONGINGS			
807	CLOUDY			
808	SURPASS			
809	GNAW			
810	SLUG SP.			
811	ROAR			
812	BURY			
813	BRIGHT			
814	BE OR LAY DOWN (PLURAL)			
815	DAMAGED			
816	HAVE SEX			
817	ARTICULATION			
818	DRINK IT ALL			
819	GNQ			
820	DAYLIGHT			
821	TATAIRA			
822	RIVER SAND			
823	ERASE			
824	FLATULAR			
825	BEHIND THE VILLAGE			
826	AND (DIFFERENT SUBJECT)			
827	HORSEFLY			
828	DEW			
829	GILL			
830	EVISCERATE			
831	COME DOWN.SG			
832	BRANCH			
833	PALM STEM			
834	OWNER			
835	BREASTFEED			
836	BE SEATED (SINGULAR)			
837	INDIGENOUS (ETHNONYM?)			
838	WOODPECKER			
839	LEAVE			
840	POINT			
841	APPROACH			
842	GET SEXUALLY AROUSED			
843	SOFT EARTH			
844	LAZY			
845	PEANUT			
846	WRINKLE			
847	LOOK AT			
848	SHIT			
849	MANE			
850	SHOW INTEREST			
851	COMPLAIN			
852	THREE BANDED ARMADILLO			
853	LIE			
854	COOK			
855	DARKNESS			
856	CLOSE			
857	OFFEND			
858	DAMP EARTH			
859	RIVER (TRIBUTARY OF RIO BRANCO)			
860	NON-INDIGENOUS			
861	SNIFF			
862	FORGET			
863	COCONUT GONG			
864	DAT			
865	1INT			
866	BRAIN			
867	LOFT			
868	RIVERSIDE			
869	ANCIENT			
870	PIRIRI			
871	CUT OFF.SG			
872	EARRING			
873	TUIUIÚ			
874	MEN'S HOUSE			
875	WHITE ROPE			
876	EGG CONTENT			
877	BEIJU WITH MEAT			
878	YOUNGER SISTER (MALE EGO)			
879	CLAP			
880	MON			
881	CORE			
882	INGÁ			
883	SLICE OF MEAT			
884	TUPINAMBIS (GENUS)			
885	JAÓ (CRYPTURELLUS UNDULATUS)			
886	UNTANGLE			
887	ARCHED			
888	FLOAT DOWN			
889	HIDE			
890	YAWN			
891	PLACE LAYING DOWN (SINGULAR)			
892	TOUCH			
893	CUT OPEN			
894	CURL			
895	ALIVE			
896	TIP OF THE HAIR			
897	WALK.SG			
898	SPACED			
899	WORK			
900	PAXIUBINHA			
901	MARROW			
902	POTATO			
903	BELLY BUTTON			
904	PISS ON			
905	PLANTATION			
906	SCARE AWAY			
907	DUMP			
908	BIG HORNET’S NEST			
909	FALL (OF FRUIT)			
910	PACKAGE			
911	BE HANGING			
912	BREAK CHESTNUT			
913	EAT (INTRANSITIVE)			
914	KILL (PLURAL)			
915	ARRIVE			
916	PAXIÚBA-BARRIGUDA			
917	SCRUTINISE			
918	AXIXÁ			
919	LEAD			
920	THROW (PLURAL)			
921	GET LAID			
922	STRING			
923	SEEM			
924	GRAB.SG			
925	GYPSY HORSE			
926	BELOW			
927	METAL			
928	1PL			
929	EVENING			
930	BAKURAU			
931	2.ERG			
932	HUT			
933	BACK OF THE HEAD			
934	HOIST			
935	COCO-GRASS (CYPERUS ROTUNDUS)			
936	NECKLACE MULUNGU			
937	BABASSU			
938	KILL.PL			
939	PULSE			
940	OUTSIDE			
941	WINTER			
942	PUNCH			
943	HANG (SINGULAR)			
944	PAINTED			
945	PACK			
946	MILL			
947	HOPLIAS			
948	CHIGGER			
949	DO			
950	SING (BIRDS)			
951	TIMBÓ			
952	HANG			
953	PAINT			
954	BAKE			
955	CAPUCHIN			
956	WRAP UP			
957	TERMITE MOUND			
958	SOMEONE ELSE'S MOTHER			
959	KICK			
960	ONLY			
961	STRETCH			
962	FUCK			
963	CARE			
964	EMA			
965	TORCH			
966	LOVE			
967	MISER			
968	BEAT (HEART)			
969	WASH HANDS			
970	BROKEN			
971	PELVIC BONES			
972	WALK MAKING NOISE			
973	ORANGE			
974	SISTER			
975	SWEEP			
976	SOURCE			
977	TONSURE			
978	POUR			
979	LAY			
980	OUNCE			
981	CLUB			
982	PREGNANT			
983	TATAIRA BEE			
984	XERIMBABO			
985	CARRY IN BASKET.SG			
986	BE SITTING (PLURAL)			
987	THIS ONE			
988	GET HURT			
989	MOVE AROUND			
990	RAINBOW			
991	CANA			
992	DREAM			
993	LICE			
994	FIBROUS			
995	A CONSTELLATION			
996	ASHAMED			
997	MONKEY COMB			
998	STAND UP (SINGULAR)			
999	CURSE			
1000	ROOM			
1001	GEN			
1002	BIG BIRD			
1003	SIEVE			
1004	POINTY			
1005	VINE			
1006	BETRAY			
1007	BACK THERE			
1008	CRACK			
1009	SEA FISHERMAN			
1010	HAVE A BATH			
1011	PARTRIDGE			
1012	ADVISE			
1013	SHEATH			
1014	SPARK			
1015	DOWN			
1016	JAW			
1017	COPAIBA			
1018	CRUMBS			
1019	YARD			
1020	STILL			
1021	TWIST ELBOW			
1022	ESCAPE (PLURAL)			
1023	NEST			
1024	ABANDON			
1025	NAME OF PLACE			
1026	SPINE			
1027	BE TIRED			
1028	TUBER			
1029	PALM STALK			
1030	HANG (PLURAL)			
1031	LAMP			
1032	GRATED			
1033	UPPER LIP			
1034	FISHING LINE			
1035	MURUCUTU			
1036	THRESH			
1037	HANCORNIA			
1038	DAUGTHER-IN-LAW			
1039	DIVERT			
1040	PARALLEL			
1041	DRY LAND			
1042	LITTLE PIECE			
1043	FLY (A TYPE OF)			
1044	FOR ONCE			
1045	SPANK			
1046	BRAVE			
1047	LIGHTNING			
1048	CULEX			
1049	CAATINGA			
1050	TERRA			
1051	STONED			
1052	BLACK (IN COMPOUNDS)			
1053	SHALLOW			
1054	GRAIN			
1055	GUM			
1056	KILL (SINGULAR)			
1057	WALK (SINGULAR)			
1058	RED DEER			
1059	ROAST (PLURAL)			
1060	GROUP OF PLANTS (HORIZONTAL)			
1061	MEANWHILE			
1062	HIT REPEATEDLY			
1063	BACK PART			
1064	OPEN AND CLOSE			
1065	STAND UP (PLURAL)			
1066	ROAST			
1067	FLINT			
1068	STOP.PL			
1069	CONTAINER			
1070	MARACAJÁ			
1071	FECES			
1072	FEMALE			
1073	MANUEL-DE-ABREU			
1074	EAT SOFT THING			
1075	FLOOD			
1076	DAPHNOPSIS (GENUS)			
1077	SYRINGE			
1078	PUT DOWN			
1079	RAW			
1080	HONAY WITH FLOUR			
1081	PODOCNEMIS SEXTUBERCULATA (SPECIES OF TURTLE)			
1082	LINED UP			
1083	JOKER			
1084	SIT.SG			
1085	PALM FIBER			
1086	WHISTLE			
1087	SUGAR CANE			
1088	PALM HEART			
1089	CARRY			
1090	ADOPT			
1091	PALM EYE			
1092	BIG BROTHER			
1093	HEARD			
1094	SWEET			
1095	SINGLE WOMAN			
1096	CUT HAIR			
1097	FECES BRAIN			
1098	MEAT BEHIND THE RIBS			
1099	HAVE FUN			
1100	OTHERWISE			
1101	SPREAD			
1102	RUN			
1103	SLICK			
1104	PIT			
1105	BACK HERE			
1106	CUT.DU, CUT.PL			
1107	URUCU			
1108	NAIL			
1109	TEAR DOWN			
1110	GROUP OF TREES			
1111	BLAME			
1112	HERON			
1113	MIX			
1114	CUMARU			
1115	PORRIDGE			
1116	YET			
1117	ROCK			
1118	HORIZON			
1119	TICKLE			
1120	GO.SG			
1121	HULL			
1122	NOZZLE			
1123	ABL; MALEF			
1124	PENILE DISEASE			
1125	ASK			
1126	WEST			
1127	GOOD SMELL			
1128	FATIGUE			
1129	RIB			
1130	MAKE UP A CHEEK			
1131	NAPE			
1132	CONGESTED NOSE			
1133	BE LYING DOWN			
1134	LOCATIVE			
1135	INSERT.SG			
1136	BRAID			
1137	STENCH			
1138	BABY FISH			
1139	GREASE			
1140	INAMBUS			
1141	COMING RAIN			
1142	CARVE (PLURAL)			
1143	SAD			
1144	BREAK CORN			
1145	COME OUT			
1146	SET OF BALLS			
1147	SKIM			
1148	WEAR (PLURAL)			
1149	OPEN HOLE			
1150	NETTLE			
1151	BIRDIE			
1152	WEAVE			
1153	SPELL			
1154	ANGRY			
1155	PICK UP AND LIFT (LIQUID)			
1156	DRAG			
1157	YOUNGEST SISTER			
1158	BLACK FLY			
1159	ENCOURAGE			
1160	PIUM			
1161	CLEAN UP			
1162	PORAQUÊ			
1163	NASAL MUCUS			
1164	SCREAM			
1165	HONEYBEE’S NEST			
1166	STAY			
1167	TWIN			
1168	CHAMELEON			
1169	EGG HATCH			
1170	FLIGHT FEATHER			
1171	STINKMONKEY			
1172	SABURÁ (BREWED HONEY)			
1173	STOMP			
1174	CLOTHES			
1175	ANY			
1176	STRONG			
1177	GRAY			
1178	MIDNIGHT			
1179	ELECTRIC EEL			
1180	INDICATOR			
1181	WELL			
1182	GIPSY			
1183	RIPE			
1184	VIRGIN			
1185	FOR NOTHING			
1186	REGRET			
1187	CHOOSE			
1188	AI! (PAIN)			
1189	DEER GALL			
1190	ARICURI			
1191	GRAB (SINGULAR)			
1192	RED-WINGED GRASSHOPPER			
1193	MORICHE PALM (MAURITIA FLEXUOSA)			
1194	CUT YOURSELF			
1195	WOUND			
1196	GULLY			
1197	AÇAI (EUTERPE OLERACEA)			
1198	BEN			
1199	BEE (TYPE OF)			
1200	PRAY			
1201	EAST			
1202	WATERED DOWN			
1203	HELP			
1204	INSERT (SINGULAR)			
1205	SWITCH			
1206	IF NOT			
1207	COCK			
1208	STUMP			
1209	CANE			
1210	PITCH.SG			
1211	AVOID			
1212	IGNITE			
1213	GET SICK			
1214	RELIABLE			
1215	RAIN CLOUD			
1216	BE BORN			
1217	BED			
1218	REMAINS (OF DEAD ANIMALS, FABRIC)			
1219	DIG UP (PLURAL)			
1220	BACKWARDS			
1221	BURN GRASS			
1222	SUCURI			
1223	PLAY WITH FORCE			
1224	WASH (SOFT)			
1225	CALL			
1226	SMOKE (CF.CHIQUITANO*PAʔI-)  ANGICO			
1227	RECIPROCAL			
1228	TURTLE (TYPE OF)			
1229	MEL			
1230	HURT			
1231	LUMBAR SPINE			
1232	PICK UP AND LIFT			
1233	ACURI			
1234	BE LYING DOWN (SINGULAR)			
1235	SEARCH			
1236	FOAM			
1237	BAKE.SG			
1238	NEEDLE			
1239	TRUE			
1240	GUADAUA WEBERBAUERI			
1241	OIL			
1242	WASH (HARD)			
1243	PIERCE.PL			
1244	ALREADY			
1245	INSERT.PL DRESS.PL			
1246	COCONUT WATER			
1247	PALM			
1248	OITI (MOQUILEA TOMENTOSA)			
1249	EMPTY			
1250	CUT OFF (SINGULAR)			
1251	GET FAT			
1252	HOOK			
1253	GIRLS			
1254	FRATERNAL NEPHEWS			
1255	INSERT			
1256	GRAB (MASS)			
1257	PAY			
1258	PORT			
1259	BACURI			
1260	PLANT			
1261	BUBBLE			
1262	EXPERIMENT			
1263	PINCH			
1264	CREATE			
1265	SWEET (TYPE OF)			
1266	LIKE			
1267	WAIST			
1268	ERG			
1269	TICKLING			
1270	AVERAGE			
1271	THAT ONE			
1272	BRING			
1273	1.ERG			
1274	SPERM			
1275	COLLECT			
1276	ENTER.SG			
1277	QUATI			
1278	STERNUM			
1279	ASK FOR			
1280	LICK			
1281	PASS			
1282	CURVED			
1283	CUT.PL			
1284	BUSH DOG			
1285	HANDLE			
1286	SPIRIT			
1287	MAHARAJAH			
1288	CUANDU			
1289	PEQUI			
1290	MOAN			
1291	BREAK CHESNUT			
1292	ANT			
1293	MOVE AWAY			
1294	GENIPAP			
1295	ACUTE ANGLE			
1296	SEED EYE TEAR			
1297	JOINT			
1298	EARLY IN THE MORNING			
1299	SOCÓ (TYPE OF BIRD)			
1300	BARK			
1301	REST (OF FOOD)			
1302	ALWAYS			
1303	WEED			
1304	PUS			
1305	HUMMINGBIRD			
1306	BASE			
1307	SOFT			
1308	JEALOUS			
1309	CHIP			
1310	THREAD			
1311	HUNTING			
1312	STAND.SG			
1313	FLOAT			
1314	LOAD			
1315	UNDERSTAND			
1316	BOARD			
1317	BEFORE			
1318	PEAR TREE (HYLA BOANS)			
1319	SAMAÚMA			
1320	PREACH			
1321	SEPARATE			
1322	LOOK FOR			
1323	SEVERAL TIMES			
1324	TOP OF THE MOUTH			
1325	NETWORK			
1326	TOUCH LIGHTLY			
1327	GARDEN			
1328	PRESS			
1329	TIED			
1330	CAVE			
1331	MIDDLE			
1332	MOTIVATE			
1333	SHIT ON			
1334	BEE (A SPECIES OF)			
1335	FETCH WATER			
1336	GET PREGNANT			
1337	QUAGMIRE			
1338	KILL.SG			
1339	STRIVE			
1340	WEEP			
1341	HOME			
1342	2INT (CLASS II)			
1343	HEAT			
1344	TRANSPARENT			
1345	UNIMPORTANT			
1346	BABY BIRD			
1347	SEND			
1348	LIGHT			
1349	LAND			
1350	WARM UP			
1351	GROW (FEATHERS)			
1352	SYAGRUS CEARENSIS			
1353	WARN			
1354	ALLIGATOR			
1355	TURN			
1356	BREAK UP			
1357	TYPE OF HEADDRESS WITH HANGING FEATHERS			
1358	COME DOWN			
1359	URINE			
1360	BORA			
1361	PEACOCK			
1362	DUSK			
1363	MAINSTAY			
1364	PLAY LIGHTLY			
1365	LIMP			
1366	MISS			
1367	EMBARRASSED			
1368	MOTHER OF RAIN			
1369	GRIND			
1370	KNOT			
1371	PALM TREE (CROCOMIA ACULEATA)			
1372	RODENT			
1373	BE DRY			
1374	BERARUBU			
1375	DAWN			
1376	REST			
1377	PROH			
1378	GO (SINGULAR)			
1379	YUMMY			
1380	BURST			
1381	THROB			
1382	DITTY			
1383	TEAR APART			
1384	MALE			
1385	JIRAU			
1386	CHEW			
1387	MASTIC			
1388	ROUND THING			
1389	CORN HUSKS			
1390	DEEP INSIDE			
1391	MUTUCA			
1392	MURUCI			
1393	FOOD			
1394	AGUADO			
1395	RAIN (VERB)			
1396	DROP			
1397	SISTER-IN-LAW			
1398	PUT DEI- TADO.SG			
1399	SOMEONE ELSE'S FATHER			
1400	HONEY EATER (TAYRA)			
1401	GUT			
1402	GRATE			
1403	FAST			
1404	STAB			
1405	LOCUST			
1406	FISH FISH WITH TIMBÓ			
1407	SUPPORT			
1408	BUNCH			
1409	HANG.SG			
1410	TYPE OF PALM TREE FRUIT			
1411	SCRAPE			
1412	TRACK BACK			
1413	MEDICINE			
1414	COVER			
1415	LIE DOWN.SG			
1416	CHEEKBONE			
1417	RIDGE			
1418	SPIT ON			
1419	CROAK			
1420	MAINLAND			
1421	RISE			
1422	JEALOUSY			
1423	FISH WITH TIMBÓ			
1424	TUCUMÃ			
1425	DANGEROUS			
1426	LIPS			
1427	OWL (SPOILED FEATHER)			
1428	IN SEARCH OF			
1429	POOP			
1430	MILK STICK			
1431	LOBE			
1432	STAND UP (SOMETHING PLURAL)			
1433	THREE-BANDED ARMADILLO			
1434	END OF DRY SEASON			
1435	STINK			
1436	MACUCAU			
1437	INTERTWINE			
1438	DROP.PL			
1439	KNOCK REPEATEDLY			
1440	JIA			
1441	DIVE			
1442	ABANDONED			
1443	XINGU RIVER			
1444	COCO DE ARICURI			
1445	PL			
1446	CHASE			
1447	TRIPE			
1448	BEFORE SUNRISE			
1449	TABEBUIA			
1450	CINDER			
1451	PUPPY			
1452	KEEP UP			
1453	MEN’S HOUSE			
1454	BATHE			
1455	RABBIT			
1456	CAPEMBA			
1457	PLACE LAYING DOWN (PLURAL)			
1458	LOAD.SG			
1459	DRILL			
1460	VILLAGE			
1461	POUND			
1462	EAT.SG			
1463	UNCLEAN			
1464	MAKE PACKAGES			
1465	STICKY			
1466	COLUMN			
1467	EMBER			
1468	CREEK			
1469	LEAVE.PL			
1470	ENTER (SINGULAR)			
1471	AND (SAME SUBJECT)			
1472	ENTER			
1473	GUARIBA (HOWLER MONKEY)			
1474	TORSO			
1475	BAKE IN THE EARTH			
1476	STEP			
1477	DRESS			
1478	CALM			
1479	NAME OF AGENT			
1480	MURUMURU GONG			
1481	CASING			
1482	MATURE			
1483	NOISE			
1484	MOUSE			
1485	HEAL			
1486	SERIEMA (TYPE OF BIRD)			
1487	DRUNKEN			
1488	MAKE DEEP CUTS			
1489	CAREFULLY			
1490	SMALL-BILLED TINAMOU (CRYPTURELLUS PARVIROSTRIS)			
1491	CREATION			
1492	GROW			
1493	BREAK (SINGULAR)			
1494	KISS			
1495	WILL			
1496	BANK			
1497	BANANA			
1498	THIRST			
1499	AMESCLA-AROEIRA			
1500	KIDNEY			
1501	NAKED			
1502	SHIRT			
1503	WART			
1504	TIP			
1505	UDU			
1506	EMBERBILL			
1507	CORAL SNAKE			
1508	EAT TOGETHER			
1509	LID			
1510	PEOPLE			
1511	TRACK			
1512	RAIN (NOUN)			
1513	GRAND			
1514	SHEET			
1515	SCRUTINIZE			
1516	SWAMP			
1517	ABACABA			
1518	SCORCH			
1519	MOVE UP			
1520	DARKEN			
1521	STALK			
1522	PARTNER			
1523	GRANDFATHER FATHER			
1524	SKIN INFECTION			
1525	PLEIADES			
1526	PLAY ARROW THAT BOUNCES			
1527	IMAGE			
1528	CHANGE ONE'S CLOTHES			
1529	CENTRE			
1530	CRUMBLE			
1531	LOW			
1532	WEAR			
1533	FRAIL			
1534	SOUR			
1535	WAIT			
1536	WEAVE STRAW			
1537	EAT.INTR.PL			
1538	SIDE			
1539	THREE MARYS			
1540	CHEST			
1541	NIECE			
1542	FISH TOXINS (PLANT)			
1543	LAY DOWN.PL			
1544	LIGHTEN			
1545	CUITÉ			
1546	VEIN			
1547	CLOTH			
1548	HUSH			
1549	TOOTHBRUSH			
1550	SNORE			
1551	HAT			
1552	SHAKE			
1553	NATIVE LAND			
1554	BYRSONIMA CRASSIFOLIA			
1555	SOON			
1556	GO OUT (PLURAL)			
1557	DARK			
1558	CECROPIA			
1559	PIQUIÁ			
1560	BEIJU MANIOC WITH MEAT			
1561	LOAD.DU			
1562	RIO BRANCO			
1563	ENTER (PLURAL)			
1564	PEEL			
1565	DO NOT LIKE			
1566	CAVY			
1567	CABA			
